Gamertag,,,,,,,,,
A steel crusher,,,,,,,,,Test Accounts:
AcridWharf15667,,,,,,,,,RejoinTester1
ADJUDANT D117,,,,,,,,,RejoinTester2
AdriTr2001,,,,,,,,,RejoinTester3
AerospaceBarrel,,,,,,,,,CheesyOrca15452
Agent Lucky3023,,,,,,,,,Merkbuddy
ahjoo,,,,,,,,,MidwayAnt523014
Ahugeavacado,,,,,,,,,PricyMoth686735
ALDARCK,,,,,,,,,LivedSpoon43762
Alex33w,,,,,,,,,
alexanderism713,,,,,,,,,
AlexTheSaint551,,,,,,,,,
Alphy Husko,,,,,,,,,
Alysium o,,,,,,,,,
Amygetnoobed,,,,,,,,,
an ANTELOPE,,,,,,,,,
Andre4k4,,,,,,,,,
AngrySeat576,,,,,,,,,
Antivirus v1666,,,,,,,,,
Ar13l0s1t1,,,,,,,,,
Arceus Vstar171,,,,,,,,,
arkanine el sol,,,,,,,,,
ARoyal v2,,,,,,,,,
AT1iPyc4L,,,,,,,,,
aTxExE,,,,,,,,,
AxelSchweiss335,,,,,,,,,
b1ue42,,,,,,,,,
b2nj,,,,,,,,,
B3 VULTUR3,,,,,,,,,
BA7632,,,,,,,,,
Baax04,,,,,,,,,
BackInk6373,,,,,,,,,
baconfrazzles22,,,,,,,,,
barracks aoe,,,,,,,,,
BarryLosaw9463,,,,,,,,,
BBBibleBonk,,,,,,,,,
BBQPorkBun4885,,,,,,,,,
Beeworker8899,,,,,,,,,
Belovedcuunt,,,,,,,,,
Big Dog S Free,,,,,,,,,
Big Iron1120,,,,,,,,,
BigANGEL5779,,,,,,,,,
BigBody6161,,,,,,,,,
BigBokoblin,,,,,,,,,
BigDaddyAJ74,,,,,,,,,
binbin1914,,,,,,,,,
BINLaggin15,,,,,,,,,
BiriBiri03,,,,,,,,,
BiscuitFeve2704,,,,,,,,,
BiTsTraf3,,,,,,,,,
Bl4ck Matrix,,,,,,,,,
Bl4ckSunEmpire,,,,,,,,,
Black STar5981,,,,,,,,,
Blackesh,,,,,,,,,
BlueNarack69,,,,,,,,,
Bluerosa 77,,,,,,,,,
BluntRiddem,,,,,,,,,
BMT9435,,,,,,,,,
Boby malcriado,,,,,,,,,
Boel2011,,,,,,,,,
BOG Weir,,,,,,,,,
Bombon1095,,,,,,,,,
BOND Church,,,,,,,,,
Bonquisha121,,,,,,,,,
Booossstt,,,,,,,,,
BorregoLara,,,,,,,,,
Braydon De Nova,,,,,,,,,
Brian Hasnt,,,,,,,,,
Bruins V2,,,,,,,,,
bugs26,,,,,,,,,
buzz hangovr,,,,,,,,,
BwnerTown,,,,,,,,,
C ZACK,,,,,,,,,
C4UGHTR3L0ADING,,,,,,,,,
Caboose the Gr8,,,,,,,,,
CaleRipkenJR,,,,,,,,,
CallMeTyler00,,,,,,,,,
Captain Combat,,,,,,,,,
CardiganMcSwank,,,,,,,,,
CarpetbagPage63,,,,,,,,,
CatchMeInSix,,,,,,,,,
Cator,,,,,,,,,
CauseFactor,,,,,,,,,
CB178566,,,,,,,,,
cFahrenheit,,,,,,,,,
Ch4lK Ey36278,,,,,,,,,
ChanMaster11,,,,,,,,,
CheeseDizzle,,,,,,,,,
ChemsBoger,,,,,,,,,
Chewbox400,,,,,,,,,
Child0fGod77,,,,,,,,,
ChildEmperor849,,,,,,,,,
CHILI8184,,,,,,,,,
ChipMunkE3663,,,,,,,,,
ChivasRegal3508,,,,,,,,,
ChuBBBBs iX,,,,,,,,,
ChubbyScully,,,,,,,,,
CIem Noozie,,,,,,,,,
CivicPizza85327,,,,,,,,,
ClassyGolf92421,,,,,,,,,
ClearNinja850,,,,,,,,,
CMT9969,,,,,,,,,
Cmurderous777,,,,,,,,,
Cobain9117,,,,,,,,,
Colin8309,,,,,,,,,
ComplexOdin4016,,,,,,,,,
Construct,,,,,,,,,
COOLTON91,,,,,,,,,
Cosmo Cannon360,,,,,,,,,
CPPOFragDaddy,,,,,,,,,
Crazeyn,,,,,,,,,
CrAzYlOnEwOlF2,,,,,,,,,
crazypp117,,,,,,,,,
CRIMINO X,,,,,,,,,
Cristhian6274,,,,,,,,,
Crocodilio6930,,,,,,,,,
Crqzyshot,,,,,,,,,
CTR typcalsaus,,,,,,,,,
ctvlc,,,,,,,,,
curtis3595,,,,,,,,,
d0wnY0nder,,,,,,,,,
D22rock,,,,,,,,,
D3ADorALIV3,,,,,,,,,
D3PR3553D DONUT,,,,,,,,,
D3VILSKILL3R675,,,,,,,,,
Daddy 5 Shot,,,,,,,,,
daddyofdeath00,,,,,,,,,
Daemianscott,,,,,,,,,
Dafeature9746,,,,,,,,,
DaganGera8131,,,,,,,,,
Dakaptin3151,,,,,,,,,
Dakaptin3151(1),,,,,,,,,
Dan0014,,,,,,,,,
Daniel987755,,,,,,,,,
Danihilator8244,,,,,,,,,
Dannyx1178137,,,,,,,,,
Dare You To Try,,,,,,,,,
DarK Crome 05,,,,,,,,,
DarkH0rizon4848,,,,,,,,,
DARKJo317824,,,,,,,,,
DarkNniO,,,,,,,,,
DarkwingDuck163,,,,,,,,,
DarthGrogUwU,,,,,,,,,
DarthNerderer,,,,,,,,,
DarthYoda117,,,,,,,,,
DayWalk87771681,,,,,,,,,
DazedBeast87606,,,,,,,,,
DE4THDE4LER1821,,,,,,,,,
Deafslayer9136,,,,,,,,,
Deakxy DM,,,,,,,,,
DeathmanofEvil,,,,,,,,,
DeficientDrip0,,,,,,,,,
Delgado73MAT,,,,,,,,,
Demiskz19,,,,,,,,,
DEMON RAT 68,,,,,,,,,
DemureTwo34,,,,,,,,,
DeSeRtBeAsTiE,,,,,,,,,
DESI FRS 206,,,,,,,,,
Devote Gnar,,,,,,,,,
diel1810,,,,,,,,,
Dirty Nurse,,,,,,,,,
Disbock7966,,,,,,,,,
DivineCow53863,,,,,,,,,
DivineDillweed,,,,,,,,,
DjEliteVdub,,,,,,,,,
Dmessiah85,,,,,,,,,
DOC LO,,,,,,,,,
Dominant4orce,,,,,,,,,
Donkeyotie7246,,,,,,,,,
DontbAh4ter,,,,,,,,,
Dragonstompr,,,,,,,,,
Dreamer xzx,,,,,,,,,
DREWC0LL4RD,,,,,,,,,
drksteel,,,,,,,,,
DrowsierRhyme21,,,,,,,,,
DrShivers7405,,,,,,,,,
dUbYaDuDe2020,,,,,,,,,
dulce51,,,,,,,,,
EarnestRhyme300,,,,,,,,,
EarthEmpress414,,,,,,,,,
Ebbinem,,,,,,,,,
Eckers 30 06,,,,,,,,,
Ediud21,,,,,,,,,
el barto666,,,,,,,,,
El PATRON6106,,,,,,,,,
ElatedLattice43,,,,,,,,,
elcrazy324k,,,,,,,,,
ELEKAJ15,,,,,,,,,
ElSali71160,,,,,,,,,
eLyctiive,,,,,,,,,
EnviousEcho L23,,,,,,,,,
Eowyen89,,,,,,,,,
Ethanisnum1,,,,,,,,,
EviI Chicken,,,,,,,,,
Evilmop,,,,,,,,,
Ezra9,,,,,,,,,
F1 phenotype,,,,,,,,,
FabulousCell717,,,,,,,,,
Fazehomeless995,,,,,,,,,
Feighty,,,,,,,,,
Felon8398,,,,,,,,,
Ferdinand7736,,,,,,,,,
fgjndfwpjkcd,,,,,,,,,
FiveDollarFilUp,,,,,,,,,
FJAM360,,,,,,,,,
Flemdogy,,,,,,,,,
Flollador123,,,,,,,,,
flooppyyP,,,,,,,,,
Flzrian,,,,,,,,,
Fog Of Fire,,,,,,,,,
FoggyWolf1912,,,,,,,,,
FOOTLES LOBSTER,,,,,,,,,
Forml3ssf3ar,,,,,,,,,
Fr3sHCasual80,,,,,,,,,
Fractured II,,,,,,,,,
FRAGGlNG,,,,,,,,,
FreddieFBurns,,,,,,,,,
FreemanIsMining,,,,,,,,,
FrozenTurd3655,,,,,,,,,
FurioWest5514,,,,,,,,,
Fury Alman,,,,,,,,,
FusionFaun03195,,,,,,,,,
G FLY 35,,,,,,,,,
G in USA 2,,,,,,,,,
GabeOverBoom,,,,,,,,,
GAMAespina,,,,,,,,,
GAMERDANO1994,,,,,,,,,
GD Whatsername,,,,,,,,,
GENIO NAGI 7,,,,,,,,,
Gerd Wolf,,,,,,,,,
Get Pilt Bud,,,,,,,,,
GET U SOME1125,,,,,,,,,
GForce0938,,,,,,,,,
GG 0fnse,,,,,,,,,
ghis1726,,,,,,,,,
Ghost117SR87,,,,,,,,,
GhostNoob6817,,,,,,,,,
GLGxGarrett,,,,,,,,,
Godgilo5317,,,,,,,,,
GODHO0D,,,,,,,,,
Goku23336,,,,,,,,,
GOOEYBREEDER,,,,,,,,,
GooseYard,,,,,,,,,
gooshkb1,,,,,,,,,
GoTgOte,,,,,,,,,
gothicsnroses,,,,,,,,,
gravy1670,,,,,,,,,
gravy1670(1),,,,,,,,,
GreenHornet651,,,,,,,,,
Griftall,,,,,,,,,
Grob288,,,,,,,,,
Grob288(1),,,,,,,,,
GuineaPig3589,,,,,,,,,
GuiSantos00,,,,,,,,,
Gzmanhdez99,,,,,,,,,
h4n5ra,,,,,,,,,
Ham Sandwich510,,,,,,,,,
HANK201193,,,,,,,,,
HardhatPigeon,,,,,,,,,
Harooolddd,,,,,,,,,
Hello Jesusman,,,,,,,,,
Herkules9669,,,,,,,,,
hi its beth2469,,,,,,,,,
highTron,,,,,,,,,
HiTManU26,,,,,,,,,
hoatznboez,,,,,,,,,
Hobojoe443898,,,,,,,,,
Hoodie Mian,,,,,,,,,
HotSakOfDoom,,,,,,,,,
HotSplinter07,,,,,,,,,
Hurley TX,,,,,,,,,
I DeY SHOOTiN I,,,,,,,,,
I EB 07 I,,,,,,,,,
I HopeWeEatSoon,,,,,,,,,
I KeyranSolo I,,,,,,,,,
I Kikko I,,,,,,,,,
i LoWLiFe,,,,,,,,,
IDreamz Sgt,,,,,,,,,
ifl4m1n Gr3N,,,,,,,,,
IhannP,,,,,,,,,
ii AC3r,,,,,,,,,
II Wreckage II,,,,,,,,,
IIIGNoRmAnII,,,,,,,,,
IIIweskerIII256,,,,,,,,,
iiLoveAurora,,,,,,,,,
il Brownie li,,,,,,,,,
ImBatmizzle,,,,,,,,,
IMCN112,,,,,,,,,
impressivequiki,,,,,,,,,
infinity OS,,,,,,,,,
ININJA1231I,,,,,,,,,
Instinct II7,,,,,,,,,
InterBrost25,,,,,,,,,
InvaderAlex007,,,,,,,,,
Iprevail101,,,,,,,,,
IRenzor,,,,,,,,,
ITSALLGOOD 121,,,,,,,,,
ITz Mavz,,,,,,,,,
ivan117eXTreme,,,,,,,,,
Ix PapaJoe xI,,,,,,,,,
J E I2 V i S,,,,,,,,,
J scanner,,,,,,,,,
Jachaiwoods,,,,,,,,,
jackmatador3311,,,,,,,,,
jackporter11,,,,,,,,,
jar green 5,,,,,,,,,
Jay Urin,,,,,,,,,
JD187UM,,,,,,,,,
JeffYewstein,,,,,,,,,
JigglyPufPufPas,,,,,,,,,
jimjackjose,,,,,,,,,
JJ77149,,,,,,,,,
jkv,,,,,,,,,
JLZIB0016,,,,,,,,,
John3718,,,,,,,,,
JordySan99,,,,,,,,,
Josh Fontayne95,,,,,,,,,
Josh Meme,,,,,,,,,
joshuarey24,,,,,,,,,
Jotaro Kujo5781,,,,,,,,,
Juanfe0626,,,,,,,,,
Juke M4,,,,,,,,,
JustTrack316366,,,,,,,,,
K5BLAZER123,,,,,,,,,
Kab0nG710,,,,,,,,,
KaeFenrir,,,,,,,,,
Kaigo2306,,,,,,,,,
kan O grahamz,,,,,,,,,
KatsuroOW,,,,,,,,,
kawasaky 72320,,,,,,,,,
KenxQ8142,,,,,,,,,
Khoa Toxic,,,,,,,,,
Kick3r555,,,,,,,,,
Kieran9492,,,,,,,,,
KiLLeR sc00bY,,,,,,,,,
Kimera22,,,,,,,,,
Kingharoon40,,,,,,,,,
KoleBaconator,,,,,,,,,
kopper216,,,,,,,,,
kphun12,,,,,,,,,
KrAzE MaRK,,,,,,,,,
KronicHalitosis,,,,,,,,,
Kyotobu,,,,,,,,,
l DvN I,,,,,,,,,
L KERSHINO L,,,,,,,,,
L ToTheHead27,,,,,,,,,
l yure1 l,,,,,,,,,
LandmarkWave728,,,,,,,,,
LAS7061,,,,,,,,,
Laseob,,,,,,,,,
LazyNoodle1981,,,,,,,,,
LDPF 117,,,,,,,,,
Leadspy98165659,,,,,,,,,
LeashTech,,,,,,,,,
leeths,,,,,,,,,
Lemon Seeds You,,,,,,,,,
Leonidas987400,,,,,,,,,
LetSpy735769984,,,,,,,,,
LevelSteak46466,,,,,,,,,
Liberaltears674,,,,,,,,,
LicTurtle04,,,,,,,,,
Light Asura5957,,,,,,,,,
Limu Emu8732,,,,,,,,,
liooomn,,,,,,,,,
LivedSpoon43762,,,,,,,,,
Lizard6481,,,,,,,,,
llllllFoley,,,,,,,,,
LML181,,,,,,,,,
lncredibly,,,,,,,,,
lndianaToe,,,,,,,,,
LoneWarrior8769,,,,,,,,,
Looney26b,,,,,,,,,
LopsidedM0NK,,,,,,,,,
Lord Mhros,,,,,,,,,
LordRhysicus,,,,,,,,,
LordXMetal,,,,,,,,,
LOWDCYREN,,,,,,,,,
lQuesta,,,,,,,,,
lRazur,,,,,,,,,
lrrelevantName,,,,,,,,,
LT MURDERS,,,,,,,,,
Ltd Duke,,,,,,,,,
Lucky Strive,,,,,,,,,
Luli11701,,,,,,,,,
M3NOR51,,,,,,,,,
m3taI r0b0t,,,,,,,,,
MAC5980,,,,,,,,,
MaGdIe1,,,,,,,,,
MagmaticNevada8,,,,,,,,,
Manoakk,,,,,,,,,
Maoaguilar,,,,,,,,,
Marksman4908,,,,,,,,,
Mason17720,,,,,,,,,
MasterChiefX435,,,,,,,,,
MasterMahanJr,,,,,,,,,
MASTERZERO343,,,,,,,,,
MATON626,,,,,,,,,
Matty191038,,,,,,,,,
Mauro S4028,,,,,,,,,
MaxTheWar88,,,,,,,,,
MAYBEONEDAYx,,,,,,,,,
Mayhan,,,,,,,,,
MazikeenLeo,,,,,,,,,
Mazo Jr,,,,,,,,,
MeatloafMan4251,,,,,,,,,
MeIissa McKay,,,,,,,,,
MeltingTester19,,,,,,,,,
Melvis94,,,,,,,,,
Meozawald Stink,,,,,,,,,
Merkbuddy,,,,,,,,,
Metraller78,,,,,,,,,
MidwayAnt523014,,,,,,,,,
Mike123fan,,,,,,,,,
mikee6173,,,,,,,,,
MikeMagno5640,,,,,,,,,
MiLL3R oVo,,,,,,,,,
MinigunNPC,,,,,,,,,
MiniVolture,,,,,,,,,
Mixyezpitlik877,,,,,,,,,
MlSTER J0SHUA,,,,,,,,,
MojoSkullBro,,,,,,,,,
MonkeyDude516,,,,,,,,,
MooseKnuckz,,,,,,,,,
mopeyc33,,,,,,,,,
MoppedTheFloor,,,,,,,,,
Mortgage2241,,,,,,,,,
MossManUK,,,,,,,,,
motivatedmarine,,,,,,,,,
mox27,,,,,,,,,
Mr Fear3496,,,,,,,,,
MR robotto,,,,,,,,,
Mr Spell7446,,,,,,,,,
MrFrags12,,,,,,,,,
MrRekkert,,,,,,,,,
Mugiwara1547,,,,,,,,,
Mundito5861,,,,,,,,,
MunicipalBrute8,,,,,,,,,
My Ghost Writer,,,,,,,,,
MyDarkPassangrr,,,,,,,,,
MyOwnSniper,,,,,,,,,
Naded,,,,,,,,,
NADIRLIKEWATER,,,,,,,,,
Naduvani Jovo,,,,,,,,,
Nami Lara8162,,,,,,,,,
Nat3 Hi55ers,,,,,,,,,
natedog50x,,,,,,,,,
navas975748,,,,,,,,,
Naz123786,,,,,,,,,
Ndustr1es,,,,,,,,,
neckmakesart,,,,,,,,,
neoragedude,,,,,,,,,
neoragedude(1),,,,,,,,,
NervousAxis407,,,,,,,,,
Newfie Bi,,,,,,,,,
Nezuko7774883,,,,,,,,,
Nick103308,,,,,,,,,
NIGAN1225,,,,,,,,,
NightSociety271,,,,,,,,,
Niki Radio,,,,,,,,,
Nilons3863,,,,,,,,,
NinoGambino1692,,,,,,,,,
nixa2407,,,,,,,,,
NMS Vibin,,,,,,,,,
Noble00006153,,,,,,,,,
NOOBY gamer LOL,,,,,,,,,
NOT ITZ MIKE,,,,,,,,,
Nuketoh,,,,,,,,,
Nukutaurua,,,,,,,,,
Nupo,,,,,,,,,
Nvded,,,,,,,,,
Nyte2k,,,,,,,,,
oAIKOidk,,,,,,,,,
ObblivionElite,,,,,,,,,
ObtainedXi,,,,,,,,,
ODST 0500,,,,,,,,,
OffElkevin,,,,,,,,,
OG Hashashin,,,,,,,,,
OhMeShell,,,,,,,,,
Oi Its Trav,,,,,,,,,
OliLetal1327,,,,,,,,,
Olli2Wins,,,,,,,,,
omar97ES,,,,,,,,,
OmarMcLovin1226,,,,,,,,,
Omg Hess,,,,,,,,,
OneManArmy8888,,,,,,,,,
OnizzSpartan,,,,,,,,,
OogaBooga09,,,,,,,,,
OpalSerenity,,,,,,,,,
Opcu,,,,,,,,,
Osoomega9499,,,,,,,,,
OutlineChalkEm,,,,,,,,,
Oysterstouch,,,,,,,,,
p8X8q,,,,,,,,,
Pablo224,,,,,,,,,
Pacho103932,,,,,,,,,
Pack DAT Bowl,,,,,,,,,
Paetti360,,,,,,,,,
palmtr88,,,,,,,,,
PaNdA27081962,,,,,,,,,
Papa010702,,,,,,,,,
PapaPig55,,,,,,,,,
Paperclipkitkat,,,,,,,,,
pdogg45,,,,,,,,,
peezy2ill,,,,,,,,,
Penguino135379,,,,,,,,,
Peppeleo1994,,,,,,,,,
Phinix7731,,,,,,,,,
PhoenixChan5185,,,,,,,,,
PhonedDuke,,,,,,,,,
Piano Frenzy,,,,,,,,,
PIasmx,,,,,,,,,
picklebatra,,,,,,,,,
PIeasant Dreams,,,,,,,,,
PIGFACE444,,,,,,,,,
PinpointElk3851,,,,,,,,,
pixielouise,,,,,,,,,
pkHimachal,,,,,,,,,
PlaxmoIe,,,,,,,,,
PricyMoth686735,,,,,,,,,
Promisus,,,,,,,,,
PsychoKrista,,,,,,,,,
Pu1se Chubbz,,,,,,,,,
Puggelicious,,,,,,,,,
Purp1eMaiden,,,,,,,,,
PursanISMA,,,,,,,,,
Puup Derple,,,,,,,,,
QU3B3C L3G3ND,,,,,,,,,
Quinnifer1868,,,,,,,,,
R2 Gnarly,,,,,,,,,
R69NMAN,,,,,,,,,
RA I SE8150,,,,,,,,,
Raeandie82,,,,,,,,,
Rambro6601,,,,,,,,,
RangerDangerArr,,,,,,,,,
RaspingHaddock,,,,,,,,,
Ratify2,,,,,,,,,
RATTLEDthe2ND,,,,,,,,,
Ravali100,,,,,,,,,
RbProioxis,,,,,,,,,
ReadyRaffa,,,,,,,,,
REAPER97xox,,,,,,,,,
RedHoodsRevenge,,,,,,,,,
Redmeat8070,,,,,,,,,
Refugegaming297,,,,,,,,,
ResidentXBL,,,,,,,,,
Retired Scru,,,,,,,,,
Reveliito,,,,,,,,,
RevItUp7,,,,,,,,,
REX501st7838,,,,,,,,,
RictalMeat09,,,,,,,,,
RlCKY B0BB E,,,,,,,,,
RLG31599,,,,,,,,,
RockyBalboa4159,,,,,,,,,
Rocoloco300X,,,,,,,,,
Rogreedo,,,,,,,,,
RogueRod,,,,,,,,,
Romanolevi,,,,,,,,,
RomeoKiloSierra,,,,,,,,,
RONAN90,,,,,,,,,
RoseTomcat1111,,,,,,,,,
RottenDude5,,,,,,,,,
rra4iinn,,,,,,,,,
RTI6230,,,,,,,,,
rtidej,,,,,,,,,
RuthlessPaba,,,,,,,,,
RxAnimosity,,,,,,,,,
Ry SoGo,,,,,,,,,
S051 lI Kurt,,,,,,,,,
S0ME1RAND0M,,,,,,,,,
SA1NZZ,,,,,,,,,
Sad Kaiser,,,,,,,,,
Salt n Peppa25,,,,,,,,,
sanakoice,,,,,,,,,
SANFRANFAN9436,,,,,,,,,
SanSpy,,,,,,,,,
SarrMcSniper,,,,,,,,,
Satt iZ WaK,,,,,,,,,
saynava,,,,,,,,,
scottyAP,,,,,,,,,
See MESIL,,,,,,,,,
SeeN SupremacY,,,,,,,,,
Sekambu,,,,,,,,,
Sepiriz,,,,,,,,,
SGT Poolord,,,,,,,,,
ShadowDragon343,,,,,,,,,
shadthadad,,,,,,,,,
SharpestTool87,,,,,,,,,
Shifty42069,,,,,,,,,
SHMUK3D,,,,,,,,,
ShooterXI,,,,,,,,,
Shusshou,,,,,,,,,
SicaRi0211,,,,,,,,,
Sidre23,,,,,,,,,
Silent Ghost325,,,,,,,,,
SilverCrow7,,,,,,,,,
Sip n Kip PoP,,,,,,,,,
SirBruno3396,,,,,,,,,
SiriusBlack95z,,,,,,,,,
SixtyPluto3145,,,,,,,,,
skanneristi,,,,,,,,,
Skinny Dreams,,,,,,,,,
Skitch94,,,,,,,,,
Slasher021,,,,,,,,,
slaym0re,,,,,,,,,
Slimedyrmarj,,,,,,,,,
SloppyKestrel63,,,,,,,,,
SlyStan06,,,,,,,,,
Sm0kel3ss,,,,,,,,,
SmashingAuto478,,,,,,,,,
Smurrfin uSa,,,,,,,,,
Snip3Tronix,,,,,,,,,
SO23 lI Daisy,,,,,,,,,
songkunyi,,,,,,,,,
SoreEquation649,,,,,,,,,
SpankyPLips,,,,,,,,,
Spartan 2879,,,,,,,,,
spartan kik 72,,,,,,,,,
SpatenJ,,,,,,,,,
SpiffyBrush4918,,,,,,,,,
SpringClient741,,,,,,,,,
spurmius,,,,,,,,,
Spyglass 07,,,,,,,,,
SquishyTomato14,,,,,,,,,
sschmitz705,,,,,,,,,
Ssiller6715,,,,,,,,,
st3ALth ATB,,,,,,,,,
st49122,,,,,,,,,
STATIC AG3,,,,,,,,,
Stavalya,,,,,,,,,
SteakHarpyie362,,,,,,,,,
SteelBols,,,,,,,,,
Stong,,,,,,,,,
Stormfall21,,,,,,,,,
Stos6906,,,,,,,,,
STRICLYBACON,,,,,,,,,
sUBzERO vOv,,,,,,,,,
Sucellus8264,,,,,,,,,
Suey30,,,,,,,,,
SUFC RYAN6160,,,,,,,,,
superchicken588,,,,,,,,,
Suptaphorn,,,,,,,,,
SusImposter4992,,,,,,,,,
SweatyButt3,,,,,,,,,
SwirlyBeast1968,,,,,,,,,
Swuezy,,,,,,,,,
Sxkenshin271989,,,,,,,,,
Syaytan,,,,,,,,,
SyNesTeRuN,,,,,,,,,
Syynestia,,,,,,,,,
Tbaggrrr,,,,,,,,,
TedTheFelon,,,,,,,,,
TenStew5465,,,,,,,,,
Terp3586,,,,,,,,,
TERRORHILL TNT,,,,,,,,,
TGF LordKYO,,,,,,,,,
The 13fhApostle,,,,,,,,,
The cool pro 4,,,,,,,,,
The FFA Panda,,,,,,,,,
The Gravemind,,,,,,,,,
The Sord2 Show,,,,,,,,,
THEBIGBOB1106,,,,,,,,,
theC00KI3,,,,,,,,,
TheLeanWeen8287,,,,,,,,,
Thell6933,,,,,,,,,
Thell8142,,,,,,,,,
theloosegoose72,,,,,,,,,
TheMaster24X,,,,,,,,,
TheTooons,,,,,,,,,
TillableRoom27,,,,,,,,,
Tim PB8A,,,,,,,,,
timahh11,,,,,,,,,
titanium neo,,,,,,,,,
TOFFE OLLI7314,,,,,,,,,
Tom T 117,,,,,,,,,
ton dx,,,,,,,,,
TootsnPoots9411,,,,,,,,,
towncar302,,,,,,,,,
ToX1C sHoOt3r,,,,,,,,,
TransAmpu7ee,,,,,,,,,
Tree of Doom107,,,,,,,,,
Trmpdbytrtlz,,,,,,,,,
TRUCHA TRECE,,,,,,,,,
TrueAmbassador,,,,,,,,,
Trunkp,,,,,,,,,
Turkinat0r96,,,,,,,,,
TurqoiseSpark33,,,,,,,,,
Turtletail,,,,,,,,,
Two Ton Twix,,,,,,,,,
tylerSGz,,,,,,,,,
UCStout2,,,,,,,,,
UGotPosted65,,,,,,,,,
Ukulelegirl1214,,,,,,,,,
UnamoneitapaCj2,,,,,,,,,
Unarmed Chicken,,,,,,,,,
Unbxrakable,,,,,,,,,
UNIVERSAL117,,,,,,,,,
unknwwnn,,,,,,,,,
uppiey,,,,,,,,,
UrUnclePete,,,,,,,,,
Valinkookie765,,,,,,,,,
VapidLeader995,,,,,,,,,
VespineStraw13,,,,,,,,,
vette ez life,,,,,,,,,
Victomos,,,,,,,,,
ViewtifulGurk,,,,,,,,,
vincenthomas77,,,,,,,,,
VisualBoom75257,,,,,,,,,
VividPluto22443,,,,,,,,,
vixiecup,,,,,,,,,
vladmoro2013,,,,,,,,,
VO1PIADOR,,,,,,,,,
Volpek,,,,,,,,,
VoltureJC,,,,,,,,,
vSpAnKyReTuRnSv,,,,,,,,,
WARRI0RRRRR,,,,,,,,,
Watermelin75,,,,,,,,,
WBV Mirrazhe,,,,,,,,,
WeenySumo,,,,,,,,,
WhipLash0517,,,,,,,,,
whizzz83,,,,,,,,,
Whyaguni8803,,,,,,,,,
WickedestWriter,,,,,,,,,
WildFire419x,,,,,,,,,
WiseLongshore,,,,,,,,,
With3rstorm,,,,,,,,,
Wizard7567,,,,,,,,,
Wulf3455,,,,,,,,,
WULFF G0D,,,,,,,,,
Wumbology,,,,,,,,,
WWWMWMWMMWWWMWW,,,,,,,,,
x A STRUGGLER x,,,,,,,,,
x C L A S I K,,,,,,,,,
X Natedd,,,,,,,,,
x Re1eNt1e5s x,,,,,,,,,
x Temprrz,,,,,,,,,
XBEESARTIX,,,,,,,,,
XBraverFleaX,,,,,,,,,
xDOWxGHOST,,,,,,,,,
XERO9NER,,,,,,,,,
xFierceFlame,,,,,,,,,
xl JdoGGz lx,,,,,,,,,
XLIVELONG6667,,,,,,,,,
xMysticSniper,,,,,,,,,
XOperationAlpha,,,,,,,,,
xoxLark,,,,,,,,,
XsinX Revenge,,,,,,,,,
xSLIKSoLooNEYx,,,,,,,,,
xTacoMasterx868,,,,,,,,,
xx Conny1712 xx,,,,,,,,,
xXbladeXx0499,,,,,,,,,
XxGoDxSmAcKxX12,,,,,,,,,
XxK1NGxJAM3SxX,,,,,,,,,
xXRasorXx,,,,,,,,,
XxScarlxrdXx,,,,,,,,,
xXswingadingXx,,,,,,,,,
xXTIMIDOXx,,,,,,,,,
xxxREDzzz,,,,,,,,,
xXxRiecexXx33,,,,,,,,,
Xyfn,,,,,,,,,
Ya1000 C uE,,,,,,,,,
YakDeh,,,,,,,,,
Yeet15315,,,,,,,,,
Yergz6282,,,,,,,,,
Yingster5281,,,,,,,,,
YourBroChadwick,,,,,,,,,
YuiNakano,,,,,,,,,
ZeroPeak3402,,,,,,,,,
Zorak8627,,,,,,,,,
ZOREN182,,,,,,,,,
zStrafee,,,,,,,,,
zxFireHawkzx,,,,,,,,,
